                  epoch,         train/box_loss,         train/cls_loss,         train/dfl_loss,   metrics/precision(B),      metrics/recall(B),       metrics/mAP50(B),    metrics/mAP50-95(B),           val/box_loss,           val/cls_loss,           val/dfl_loss,                 lr/pg0,                 lr/pg1,                 lr/pg2
                      1,                0.89705,                0.61775,                0.88934,                0.53673,                0.41375,                0.44391,                0.26462,                 1.1765,                0.69538,                0.95438,              0.0033328,              0.0033328,              0.0033328
                      2,                0.80078,                0.48416,                  0.861,                 0.7015,                0.41201,                0.45548,                0.27235,                 1.1712,                0.67676,                0.96432,              0.0066111,              0.0066111,              0.0066111
                      3,                0.82219,                0.49889,                0.86598,                0.53485,                0.40781,                0.43615,                0.25583,                 1.1813,                0.68495,                0.96838,              0.0098344,              0.0098344,              0.0098344
                      4,                0.79592,                0.48473,                0.86271,                0.55314,                0.42431,                0.46003,                0.27309,                 1.1534,                0.65565,                0.96141,              0.0097525,              0.0097525,              0.0097525
                      5,                 0.7195,                0.43472,                0.84977,                0.57404,                0.43891,                0.48075,                 0.2896,                 1.1344,                0.63505,                0.95194,                0.00967,                0.00967,                0.00967
                      6,                0.68028,                0.41066,                0.84256,                0.58661,                0.44826,                0.49454,                0.29893,                 1.1214,                0.62117,                0.94741,              0.0095875,              0.0095875,              0.0095875
